rider_id,name
R1001,Aman Sharma
R1002,Bhavna Patel
R1003,Chirag Gupta
R1004,Divya Singh
R1005,Eshan Mehta
R1006,Fathima Khan
R1007,Gaurav Yadav
R1008,Heena Verma
R1009,Ishaan Reddy
R1010,Jaya Nair
R1011,Kunal Kumar
R1012,Lakshmi Iyer
R1013,Manoj Joshi
R1014,Nisha Sahu
R1015,Om Prakash
R1016,Priyanka Das
R1017,Rahul Dubey
R1018,Sneha Tripathi
R1019,Tarun Singh
R1020,Usha Devi
R1021,Varun Malhotra
R1022,Waseem Sheikh
R1023,Xavier D'Souza
R1024,Yasmin Begum
R1025,Zakir Hussain
R1026,Alia Bhatt
R1027,Bhuvan Bam
R1028,Chester Bennington
R1029,Deepika Padukone
R1030,Emraan Hashmi
R1031,Fatima Sana Shaikh
R1032,Guru Randhawa
R1033,Hina Khan
R1034,Irrfan Khan
R1035,Jacqueline Fernandez
R1036,Kriti Sanon
R1037,Lata Mangeshkar
R1038,Mithun Chakraborty
R1039,Nawazuddin Siddiqui
R1040,Preity Zinta
R1041,Qazi Touqeer
R1042,Rani Mukerji
R1043,Saif Ali Khan
R1044,Tabu
R1045,Udit Narayan
R1046,Vaani Kapoor
R1047,Waheeda Rehman
R1048,Yami Gautam
R1049,Zareen Khan
R1050,Aamir Khan
R1051,Bhumi Pednekar
R1052,Chitrangada Singh
R1053,Disha Patani
R1054,Esha Deol
R1055,Farhan Akhtar
R1056,Genelia D'Souza
R1057,Harshvardhan Kapoor
R1058,Ileana D'Cruz
R1059,John Abraham
R1060,Kajol
R1061,Lara Dutta
R1062,Manisha Koirala
R1063,Nana Patekar
R1064,Paresh Rawal
R1065,Randeep Hooda
R1066,Shilpa Shetty
R1067,Tanishaa Mukerji
R1068,Urmila Matondkar
R1069,Vidya Balan
R1070,Zayed Khan
